{
  "ExtendedData": {
    "inputs": [
      "https://www.crcind.com/csp/samples/SOAP.Demo.cls"
    ],
    "collectionTypes": [
      "System.Array",
      "System.Collections.Generic.Dictionary`2"
    ],
    "namespaceMappings": [
      "*, SOAPDemo"
    ],
    "references": [
      "Google.Protobuf, {Google.Protobuf, 3.13.0}",
      "Grpc.Core.Api, {Grpc.Core.Api, 2.32.0}",
      "Grpc.Net.Client, {Grpc.Net.Client, 2.32.0}",
      "Grpc.Net.ClientFactory, {Grpc.Net.ClientFactory, 2.32.0}",
      "Grpc.Net.Common, {Grpc.Net.Common, 2.32.0}",
      "Microsoft.Extensions.Configuration, {Microsoft.Extensions.Configuration, 3.0.3}",
      "Microsoft.Extensions.Configuration.Abstractions, {Microsoft.Extensions.Configuration.Abstractions, 3.0.3}",
      "Microsoft.Extensions.Configuration.Binder, {Microsoft.Extensions.Configuration.Binder, 3.0.3}",
      "Microsoft.Extensions.DependencyInjection, {Microsoft.Extensions.DependencyInjection, 3.0.3}",
      "Microsoft.Extensions.DependencyInjection.Abstractions, {Microsoft.Extensions.DependencyInjection.Abstractions, 3.0.3}",
      "Microsoft.Extensions.Http, {Microsoft.Extensions.Http, 3.0.3}",
      "Microsoft.Extensions.Logging, {Microsoft.Extensions.Logging, 3.0.3}",
      "Microsoft.Extensions.Logging.Abstractions, {Microsoft.Extensions.Logging.Abstractions, 3.0.3}",
      "Microsoft.Extensions.Options, {Microsoft.Extensions.Options, 3.0.3}",
      "Microsoft.Extensions.Primitives, {Microsoft.Extensions.Primitives, 3.0.3}",
      "System.Diagnostics.DiagnosticSource, {System.Diagnostics.DiagnosticSource, 4.5.1}",
      "System.Runtime.CompilerServices.Unsafe, {System.Runtime.CompilerServices.Unsafe, 4.5.2}"
    ],
    "targetFramework": "net5.0",
    "typeReuseMode": "All"
  }
}